{
    "tgm001_preop": 0.6949743628501892,
    "tgm002_preop": 0.776010274887085,
    "tgm003_preop": 0.4429864287376404,
    "tgm004_preop": 0.0,
    "tgm005_preop": 0.4466080665588379,
    "tgm006_preop": 0.34875547885894775,
    "tgm008_preop": 0.7552643418312073,
    "tgm009_preop": 0.2446644902229309,
    "tgm010_preop": 0.6529581546783447,
    "tgm011_preop": 0.6142516732215881,
    "tgm013_preop": 0.0,
    "tgm014_preop": 0.40389716625213623,
    "tgm015_preop": 0.7943993806838989,
    "tgm016_preop": 0.49545395374298096,
    "tgm017_preop": 0.7325770854949951,
    "tgm018_preop": 0.5779262185096741,
    "tgm019_preop": 0.6091452836990356,
    "tgm021_preop": 0.38738882541656494,
    "tgm022_preop": 0.6632876992225647,
    "tgm023_preop": 0.48132026195526123,
    "tgm024_preop": 0.6096542477607727,
    "tgm025_preop": 0.38773322105407715,
    "tgm026_preop": 0.6482034921646118,
    "tgm027_preop": 0.7104858160018921,
    "tgm028_preop": 0.593201220035553,
    "tgm029_preop": 0.06577306985855103,
    "tgm031_preop": 0.7327213287353516,
    "tgm033_preop": 0.5882194638252258,
    "tgm034_preop": 0.5126247406005859,
    "tgm035_preop": 0.5788654685020447,
    "tgm036_preop": 0.7420185804367065,
    "tgm037_preop": 0.5370891094207764,
    "tgm038_preop": 0.0,
    "tgm039_preop": 0.6309865117073059,
    "tgm041_preop": 0.5133246183395386,
    "tgm042_preop": 0.6626954078674316,
    "tgm044_preop": 0.539671003818512,
    "tgm045_preop": 0.6852344274520874,
    "tgm046_preop": 0.6167566776275635,
    "tgm047_preop": 0.756266713142395,
    "tgm048_preop": 0.0,
    "tgm049_preop": 0.635206937789917,
    "tgm050_preop": 0.4584925174713135,
    "tgm051_preop": 0.3060108423233032,
    "tgm052_preop": 0.42889314889907837,
    "tgm053_preop": 0.6189031600952148,
    "tgm054_preop": 0.573896050453186,
    "tgm055_preop": 0.15762698650360107,
    "tgm056_preop": 0.3412775993347168,
    "tgm057_preop": 0.607422947883606,
    "tgm058_preop": 0.5164541006088257,
    "tgm059_preop": 0.6502837538719177,
    "tgm060_preop": 0.6518482565879822,
    "tgm061_preop": 0.6089631915092468,
    "tgm062_preop": 0.6406068801879883,
    "tgm063_preop": 0.4259077310562134,
    "tgm064_preop": 0.7576216459274292,
    "tgm065_preop": 0.3110961318016052,
    "tgm066_preop": 0.7152414917945862,
    "tgm067_preop": 0.5653246641159058,
    "tgm068_preop": 0.7290285229682922,
    "tgm071_preop": 0.659852147102356
}