{
    "tgm001_preop": 0.6335099339485168,
    "tgm002_preop": 0.0,
    "tgm003_preop": 0.0,
    "tgm004_preop": 0.0,
    "tgm005_preop": 0.5171735882759094,
    "tgm006_preop": 0.219268798828125,
    "tgm008_preop": 0.22369974851608276,
    "tgm009_preop": 0.013069391250610352,
    "tgm010_preop": 0.6923576593399048,
    "tgm011_preop": 0.7021710276603699,
    "tgm013_preop": 0.0,
    "tgm014_preop": 0.6904605031013489,
    "tgm015_preop": 0.6516565680503845,
    "tgm016_preop": 0.5812413096427917,
    "tgm017_preop": 0.4105956554412842,
    "tgm018_preop": 0.0,
    "tgm019_preop": 0.5905953049659729,
    "tgm021_preop": 0.2550588846206665,
    "tgm022_preop": 0.0,
    "tgm023_preop": 0.0,
    "tgm024_preop": 0.2581363916397095,
    "tgm025_preop": 0.4194731116294861,
    "tgm026_preop": 0.6229298710823059,
    "tgm027_preop": 0.3357278108596802,
    "tgm028_preop": 0.705234944820404,
    "tgm029_preop": 0.6424594521522522,
    "tgm031_preop": 0.7368535995483398,
    "tgm033_preop": 0.43983781337738037,
    "tgm034_preop": 0.4462209939956665,
    "tgm035_preop": 0.0,
    "tgm036_preop": 0.8107282519340515,
    "tgm037_preop": 0.697535514831543,
    "tgm038_preop": 0.0,
    "tgm039_preop": 0.6693307757377625,
    "tgm041_preop": 0.5359972715377808,
    "tgm042_preop": 0.6984208822250366,
    "tgm044_preop": 0.4211810827255249,
    "tgm045_preop": 0.4484661817550659,
    "tgm046_preop": 0.6095030307769775,
    "tgm047_preop": 0.6186468601226807,
    "tgm048_preop": 0.0,
    "tgm049_preop": 0.5951416492462158,
    "tgm050_preop": 0.3876073360443115,
    "tgm051_preop": 0.4863818883895874,
    "tgm052_preop": 0.6616909503936768,
    "tgm053_preop": 0.6776453256607056,
    "tgm054_preop": 0.6543652415275574,
    "tgm055_preop": 0.0,
    "tgm056_preop": 0.4069584012031555,
    "tgm057_preop": 0.0,
    "tgm058_preop": 0.5179620981216431,
    "tgm059_preop": 0.7077555656433105,
    "tgm060_preop": 0.7395793199539185,
    "tgm061_preop": 0.7320795655250549,
    "tgm062_preop": 0.6786933541297913,
    "tgm063_preop": 0.5701553225517273,
    "tgm064_preop": 0.4757955074310303,
    "tgm065_preop": 0.0,
    "tgm066_preop": 0.6365361213684082,
    "tgm067_preop": 0.4894866347312927,
    "tgm068_preop": 0.7823358774185181,
    "tgm071_preop": 0.6777632832527161
}