{
    "tgm001_preop": 0.6447209163618666,
    "tgm002_preop": 0.18381165973580466,
    "tgm003_preop": 0.18542482473489555,
    "tgm004_preop": 0.18542482473489555,
    "tgm005_preop": 0.3704839850581594,
    "tgm006_preop": 0.31118886796738915,
    "tgm008_preop": 0.017066813418780434,
    "tgm009_preop": 0.4670194418729475,
    "tgm010_preop": 0.3680295296029057,
    "tgm011_preop": 0.42555219413244505,
    "tgm013_preop": 0.17415256254414557,
    "tgm014_preop": 0.5930467557094117,
    "tgm015_preop": 0.5214155601686459,
    "tgm016_preop": 0.3845789662072174,
    "tgm017_preop": 0.43856362635751767,
    "tgm018_preop": 0.17866948789862447,
    "tgm019_preop": 0.524488831840149,
    "tgm021_preop": 0.3592502790718465,
    "tgm022_preop": 0.3294742732947782,
    "tgm023_preop": 0.5878758852827453,
    "tgm024_preop": 0.420881280084323,
    "tgm025_preop": 0.30087192012648445,
    "tgm026_preop": 0.5470070209372286,
    "tgm027_preop": 0.3498956283991111,
    "tgm028_preop": 0.7310067857594161,
    "tgm029_preop": 0.5577488863337018,
    "tgm030_preop": 0.18542482473489555,
    "tgm031_preop": 0.45430681020296443,
    "tgm033_preop": 0.25862806501464913,
    "tgm034_preop": 0.10369183501213548,
    "tgm035_preop": 0.18542482473489555,
    "tgm036_preop": 0.2396650973584698,
    "tgm037_preop": 0.5104873054498711,
    "tgm038_preop": 0.18542482473489555,
    "tgm039_preop": 0.6924086909166292,
    "tgm041_preop": 0.34008731347383636,
    "tgm042_preop": 0.6796532713035257,
    "tgm044_preop": 0.3634401142038737,
    "tgm045_preop": 0.5505077630170525,
    "tgm046_preop": 0.6884510406397382,
    "tgm047_preop": 0.03966012575644722,
    "tgm048_preop": 0.17284287183933142,
    "tgm049_preop": 0.4487780631480034,
    "tgm050_preop": 0.4402002335452649,
    "tgm051_preop": 0.16260109350310342,
    "tgm052_preop": 0.5941099112906313,
    "tgm053_preop": 0.5843659826818564,
    "tgm054_preop": 0.37788459991815937,
    "tgm055_preop": 0.08181920832768255,
    "tgm056_preop": 0.48608588732433883,
    "tgm057_preop": 0.06599942289520166,
    "tgm058_preop": 0.42313342012648447,
    "tgm059_preop": 0.3473529058407702,
    "tgm060_preop": 0.49724611471725466,
    "tgm061_preop": 0.5682858361839976,
    "tgm062_preop": 0.7702934487056872,
    "tgm063_preop": 0.59882525513862,
    "tgm064_preop": 0.6767532002108074,
    "tgm065_preop": 0.26853577116934846,
    "tgm066_preop": 0.631517897004917,
    "tgm067_preop": 0.740227032198288,
    "tgm068_preop": 0.7358916314865963,
    "tgm071_preop": 0.4182554746750932
}