{"tgm001_preop": 0.7027055025100708, "tgm002_preop": 0.0, "tgm003_preop": 0.0, "tgm004_preop": 0.0, "tgm005_preop": 0.5505165457725525, "tgm006_preop": 0.09802043437957764, "tgm008_preop": 0.43587756156921387, "tgm009_preop": 0.04605132341384888, "tgm010_preop": 0.777656078338623, "tgm011_preop": 0.7508824467658997, "tgm013_preop": 0.0, "tgm014_preop": 0.6828672885894775, "tgm015_preop": 0.7629196047782898, "tgm016_preop": 0.6694083213806152, "tgm017_preop": 0.6050928235054016, "tgm018_preop": 0.0, "tgm019_preop": 0.749410092830658, "tgm021_preop": 0.5258341431617737, "tgm022_preop": 0.0, "tgm023_preop": 0.0, "tgm024_preop": 0.5444700121879578, "tgm025_preop": 0.5102719068527222, "tgm026_preop": 0.767324686050415, "tgm027_preop": 0.6375741958618164, "tgm028_preop": 0.7562010884284973, "tgm029_preop": 0.6483874320983887, "tgm031_preop": 0.7968167066574097, "tgm033_preop": 0.0, "tgm034_preop": 0.591175377368927, "tgm035_preop": 0.0, "tgm036_preop": 0.8608870506286621, "tgm037_preop": 0.7197033762931824, "tgm038_preop": 0.0, "tgm039_preop": 0.7106033563613892, "tgm041_preop": 0.6335029006004333, "tgm042_preop": 0.7811402678489685, "tgm044_preop": 0.6544962525367737, "tgm045_preop": 0.7593313455581665, "tgm046_preop": 0.7507932186126709, "tgm047_preop": 0.7247812747955322, "tgm048_preop": 0.0, "tgm049_preop": 0.73726886510849, "tgm050_preop": 0.5512263774871826, "tgm051_preop": 0.5641489028930664, "tgm052_preop": 0.7047951221466064, "tgm053_preop": 0.6947374939918518, "tgm054_preop": 0.7219454646110535, "tgm055_preop": 0.0, "tgm056_preop": 0.26691150665283203, "tgm057_preop": 0.0, "tgm058_preop": 0.6997597217559814, "tgm059_preop": 0.7916691899299622, "tgm060_preop": 0.7732888460159302, "tgm061_preop": 0.8230610489845276, "tgm062_preop": 0.7291710376739502, "tgm063_preop": 0.6991482973098755, "tgm064_preop": 0.553943932056427, "tgm065_preop": 0.0, "tgm066_preop": 0.7503308653831482, "tgm067_preop": 0.6057698726654053, "tgm068_preop": 0.7904300689697266, "tgm071_preop": 0.7515627145767212}