{"tgm001_preop": 0.6971556544303894, "tgm002_preop": 0.7628608345985413, "tgm003_preop": 0.5101475119590759, "tgm004_preop": 0.0, "tgm005_preop": 0.6570881605148315, "tgm006_preop": 0.015774786472320557, "tgm008_preop": 0.7846992611885071, "tgm009_preop": 0.09941446781158447, "tgm010_preop": 0.7193484306335449, "tgm011_preop": 0.620008647441864, "tgm013_preop": 0.0, "tgm014_preop": 0.6573729515075684, "tgm015_preop": 0.7950835227966309, "tgm016_preop": 0.6152396202087402, "tgm017_preop": 0.7582866549491882, "tgm018_preop": 0.6193094849586487, "tgm019_preop": 0.6975724697113037, "tgm021_preop": 0.6504300236701965, "tgm022_preop": 0.2688474655151367, "tgm023_preop": 0.4714205265045166, "tgm024_preop": 0.6642236709594727, "tgm025_preop": 0.5863240361213684, "tgm026_preop": 0.693112313747406, "tgm027_preop": 0.777489185333252, "tgm028_preop": 0.6762581467628479, "tgm029_preop": 0.556303858757019, "tgm031_preop": 0.7528834939002991, "tgm033_preop": 0.6654131412506104, "tgm034_preop": 0.6221537590026855, "tgm035_preop": 0.6149123907089233, "tgm036_preop": 0.7818806767463684, "tgm037_preop": 0.6915367245674133, "tgm038_preop": 0.0, "tgm039_preop": 0.6628659963607788, "tgm041_preop": 0.6499326825141907, "tgm042_preop": 0.7084189653396606, "tgm044_preop": 0.6915207505226135, "tgm045_preop": 0.79606693983078, "tgm046_preop": 0.7597817778587341, "tgm047_preop": 0.8181366324424744, "tgm048_preop": 0.0, "tgm049_preop": 0.6926013827323914, "tgm050_preop": 0.6769082546234131, "tgm051_preop": 0.599202036857605, "tgm052_preop": 0.6452739238739014, "tgm053_preop": 0.6638593673706055, "tgm054_preop": 0.6762087345123291, "tgm055_preop": 0.0, "tgm056_preop": 0.5449835658073425, "tgm057_preop": 0.6690315008163452, "tgm058_preop": 0.6614546775817871, "tgm059_preop": 0.6917827725410461, "tgm060_preop": 0.7241920828819275, "tgm061_preop": 0.6858705878257751, "tgm062_preop": 0.6970112919807434, "tgm063_preop": 0.714582085609436, "tgm064_preop": 0.7731889486312866, "tgm065_preop": 0.5802624821662903, "tgm066_preop": 0.7384811043739319, "tgm067_preop": 0.5605749487876892, "tgm068_preop": 0.7984344959259033, "tgm071_preop": 0.7130423188209534}