{"tgm001_preop": 0.5738116659169291, "tgm002_preop": 0.5411345776031434, "tgm003_preop": 0.1744488711819389, "tgm004_preop": 0.0, "tgm005_preop": 0.4082462983935238, "tgm006_preop": 8.971426008163998e-05, "tgm008_preop": 0.5529092285091038, "tgm009_preop": 0.0015083554955741675, "tgm010_preop": 0.41893024135787454, "tgm011_preop": 0.2806904857486953, "tgm013_preop": 0.0, "tgm014_preop": 0.4917149827329468, "tgm015_preop": 0.49982676562300554, "tgm016_preop": 0.349887297316949, "tgm017_preop": 0.5124695189536688, "tgm018_preop": 0.2120907812813818, "tgm019_preop": 0.5041174880619875, "tgm021_preop": 0.420767754318618, "tgm022_preop": 0.0265467779918647, "tgm023_preop": 0.13163518995071313, "tgm024_preop": 0.489171974522293, "tgm025_preop": 0.38157597651840147, "tgm026_preop": 0.49711795304372275, "tgm027_preop": 0.5650345159736715, "tgm028_preop": 0.35677066984744804, "tgm029_preop": 0.3382157123834887, "tgm031_preop": 0.5575066389443564, "tgm033_preop": 0.21104483613698813, "tgm034_preop": 0.38867885442021854, "tgm035_preop": 0.1276595744680851, "tgm036_preop": 0.5075200491941889, "tgm037_preop": 0.4771208855050528, "tgm038_preop": 0.0, "tgm039_preop": 0.448265082838387, "tgm041_preop": 0.29115758956305654, "tgm042_preop": 0.40585639556971276, "tgm044_preop": 0.26073936898511607, "tgm045_preop": 0.373051553834542, "tgm046_preop": 0.27954050631758265, "tgm047_preop": 0.5540927619257464, "tgm048_preop": 0.0, "tgm049_preop": 0.4377952054184119, "tgm050_preop": 0.3308658294778586, "tgm051_preop": 0.24301507051452623, "tgm052_preop": 0.44435356247443947, "tgm053_preop": 0.20778075501136248, "tgm054_preop": 0.2476192651122428, "tgm055_preop": 0.0, "tgm056_preop": 0.1156839374605623, "tgm057_preop": 0.42058117835243936, "tgm058_preop": 0.15125865063828614, "tgm059_preop": 0.36528429458222833, "tgm060_preop": 0.6287441510980566, "tgm061_preop": 0.29145092773122266, "tgm062_preop": 0.2984072884577571, "tgm063_preop": 0.3165343304482548, "tgm064_preop": 0.45304395806510944, "tgm065_preop": 0.12537985958294037, "tgm066_preop": 0.5235707121364093, "tgm067_preop": 0.34939871352661506, "tgm068_preop": 0.6148035665615388, "tgm071_preop": 0.5826842579346155}