{"tgm001_preop": 0.32315657918228885, "tgm002_preop": 0.0, "tgm003_preop": 0.0, "tgm004_preop": 0.0, "tgm005_preop": 0.38893262850073107, "tgm006_preop": 0.005203675095536223, "tgm008_preop": 0.062111801242236024, "tgm009_preop": 0.0011266336187471834, "tgm010_preop": 0.25411184210526316, "tgm011_preop": 0.24454258675078863, "tgm013_preop": 0.0, "tgm014_preop": 0.4439992487322357, "tgm015_preop": 0.20277823292733993, "tgm016_preop": 0.3652124214136026, "tgm017_preop": 0.23592115848753017, "tgm018_preop": 0.0, "tgm019_preop": 0.6141438332041981, "tgm021_preop": 0.1890766593191281, "tgm022_preop": 0.0, "tgm023_preop": 0.0, "tgm024_preop": 0.1450747953711544, "tgm025_preop": 0.1852394916911046, "tgm026_preop": 0.49702146791053164, "tgm027_preop": 0.17016806722689076, "tgm028_preop": 0.29762445150552275, "tgm029_preop": 0.2985358711566618, "tgm031_preop": 0.33073215515262794, "tgm033_preop": 0.0, "tgm034_preop": 0.215, "tgm035_preop": 0.0, "tgm036_preop": 0.6005230293003149, "tgm037_preop": 0.39866024701695624, "tgm038_preop": 0.0, "tgm039_preop": 0.30375771769214394, "tgm041_preop": 0.22617196178626972, "tgm042_preop": 0.26950426143527156, "tgm044_preop": 0.27936829659657125, "tgm045_preop": 0.29066685767495165, "tgm046_preop": 0.3838088556283131, "tgm047_preop": 0.23162857435687198, "tgm048_preop": 0.0, "tgm049_preop": 0.45847600785280557, "tgm050_preop": 0.23217162723649623, "tgm051_preop": 0.10024320609072644, "tgm052_preop": 0.2740910065004643, "tgm053_preop": 0.36355530336805414, "tgm054_preop": 0.34838030023702926, "tgm055_preop": 0.0, "tgm056_preop": 0.027967013266403728, "tgm057_preop": 0.0, "tgm058_preop": 0.18930678905644632, "tgm059_preop": 0.49254822563410383, "tgm060_preop": 0.5106628242074928, "tgm061_preop": 0.47668936616029334, "tgm062_preop": 0.5333549048158335, "tgm063_preop": 0.27200134487685973, "tgm064_preop": 0.13240266114080051, "tgm065_preop": 0.0, "tgm066_preop": 0.3798255462475171, "tgm067_preop": 0.48549390831799455, "tgm068_preop": 0.4549611124204572, "tgm071_preop": 0.22470799085347012}