{"tgm001_preop": 0.54289, "tgm002_preop": 0.0, "tgm003_preop": 0.0, "tgm004_preop": 0.0, "tgm005_preop": 0.45711, "tgm006_preop": 0.321445, "tgm008_preop": 0.0, "tgm009_preop": 0.44289, "tgm010_preop": 0.5021100000000001, "tgm011_preop": 0.44289, "tgm013_preop": 0.0, "tgm014_preop": 0.54289, "tgm015_preop": 0.647335, "tgm016_preop": 0.45266500000000004, "tgm017_preop": 0.321445, "tgm018_preop": 0.14944500000000002, "tgm019_preop": 0.520335, "tgm021_preop": 0.39788999999999997, "tgm022_preop": 0.352665, "tgm023_preop": 0.54289, "tgm024_preop": 0.54289, "tgm025_preop": 0.483885, "tgm026_preop": 0.45266500000000004, "tgm027_preop": 0.45266500000000004, "tgm028_preop": 0.84178, "tgm029_preop": 0.592335, "tgm030_preop": 0.0, "tgm031_preop": 0.44289, "tgm033_preop": 0.221445, "tgm034_preop": 0.14944500000000002, "tgm035_preop": 0.0, "tgm036_preop": 0.14944500000000002, "tgm037_preop": 0.5021100000000001, "tgm038_preop": 0.0, "tgm039_preop": 0.705555, "tgm041_preop": 0.321445, "tgm042_preop": 0.805555, "tgm044_preop": 0.45711, "tgm045_preop": 0.45266500000000004, "tgm046_preop": 0.823555, "tgm047_preop": 0.0, "tgm048_preop": 0.0, "tgm049_preop": 0.307665, "tgm050_preop": 0.49788999999999994, "tgm051_preop": 0.14944500000000002, "tgm052_preop": 0.674335, "tgm053_preop": 0.52911, "tgm054_preop": 0.37089000000000005, "tgm055_preop": 0.0, "tgm056_preop": 0.54289, "tgm057_preop": 0.0, "tgm058_preop": 0.49788999999999994, "tgm059_preop": 0.321445, "tgm060_preop": 0.6603300000000001, "tgm061_preop": 0.6021099999999999, "tgm062_preop": 0.84178, "tgm063_preop": 0.7193349999999998, "tgm064_preop": 0.981775, "tgm065_preop": 0.221445, "tgm066_preop": 0.7193349999999998, "tgm067_preop": 0.823555, "tgm068_preop": 0.909775, "tgm071_preop": 0.520335}