{"tgm001_preop": 0.17644500000000002, "tgm002_preop": 0.705555, "tgm003_preop": 0.705555, "tgm004_preop": 0.705555, "tgm005_preop": 0.221445, "tgm006_preop": 0.43011000000000005, "tgm008_preop": 0.45266500000000004, "tgm009_preop": 0.62911, "tgm010_preop": 0.14944500000000002, "tgm011_preop": 0.49788999999999994, "tgm013_preop": 0.678555, "tgm014_preop": 0.502335, "tgm015_preop": 0.0, "tgm016_preop": 0.321445, "tgm017_preop": 0.321445, "tgm018_preop": 0.678555, "tgm019_preop": 0.321445, "tgm021_preop": 0.45266500000000004, "tgm022_preop": 0.678555, "tgm023_preop": 0.6967800000000001, "tgm024_preop": 0.583885, "tgm025_preop": 0.14944500000000002, "tgm026_preop": 0.54289, "tgm027_preop": 0.45711, "tgm028_preop": 0.0, "tgm029_preop": 0.0, "tgm030_preop": 0.705555, "tgm031_preop": 0.221445, "tgm033_preop": 0.6065550000000001, "tgm034_preop": 0.45266500000000004, "tgm035_preop": 0.705555, "tgm036_preop": 0.47089000000000003, "tgm037_preop": 0.49788999999999994, "tgm038_preop": 0.705555, "tgm039_preop": 0.352665, "tgm041_preop": 0.47089000000000003, "tgm042_preop": 0.321445, "tgm044_preop": 0.49788999999999994, "tgm045_preop": 0.54289, "tgm046_preop": 0.45266500000000004, "tgm047_preop": 0.6923349999999999, "tgm048_preop": 0.705555, "tgm049_preop": 0.321445, "tgm050_preop": 0.0, "tgm051_preop": 0.307665, "tgm052_preop": 0.0, "tgm053_preop": 0.45266500000000004, "tgm054_preop": 0.321445, "tgm055_preop": 0.79678, "tgm056_preop": 0.37089000000000005, "tgm057_preop": 0.79678, "tgm058_preop": 0.13122000000000003, "tgm059_preop": 0.674335, "tgm060_preop": 0.82378, "tgm061_preop": 0.47089000000000003, "tgm062_preop": 0.850555, "tgm063_preop": 0.62911, "tgm064_preop": 0.307665, "tgm065_preop": 0.7505550000000001, "tgm066_preop": 0.45266500000000004, "tgm067_preop": 0.221445, "tgm068_preop": 0.321445, "tgm071_preop": 0.14944500000000002}