{
    "tgm001_preop": 0.13069183501213547,
    "tgm002_preop": 0.7463227425381489,
    "tgm003_preop": 0.7709815702426437,
    "tgm004_preop": 0.7709815702426437,
    "tgm005_preop": 0.24829449955290123,
    "tgm006_preop": 0.48768296250582277,
    "tgm008_preop": 0.5601542202948808,
    "tgm009_preop": 0.659539190785511,
    "tgm010_preop": 0.22952535084506276,
    "tgm011_preop": 0.391132475054297,
    "tgm013_preop": 0.7242996685231132,
    "tgm014_preop": 0.36528717905171215,
    "tgm015_preop": 0.13117585472984408,
    "tgm016_preop": 0.26044064004216144,
    "tgm017_preop": 0.27569183501213546,
    "tgm018_preop": 0.7019578206425848,
    "tgm019_preop": 0.2854648806586087,
    "tgm021_preop": 0.38799852908952465,
    "tgm022_preop": 0.6998992342013912,
    "tgm023_preop": 0.7385450116430504,
    "tgm024_preop": 0.5357982758175505,
    "tgm025_preop": 0.31102792167369747,
    "tgm026_preop": 0.504066119049877,
    "tgm027_preop": 0.47475978916984507,
    "tgm028_preop": 0.1346719426129102,
    "tgm029_preop": 0.03710563158551213,
    "tgm030_preop": 0.7709815702426437,
    "tgm031_preop": 0.18229507665769962,
    "tgm033_preop": 0.5800306344108977,
    "tgm034_preop": 0.4739135257832319,
    "tgm035_preop": 0.7709815702426437,
    "tgm036_preop": 0.3970190739055583,
    "tgm037_preop": 0.4449878567420226,
    "tgm038_preop": 0.7709815702426437,
    "tgm039_preop": 0.23065628008432293,
    "tgm041_preop": 0.584429802348882,
    "tgm042_preop": 0.29754627162767366,
    "tgm044_preop": 0.42313342012648447,
    "tgm045_preop": 0.4531992884730774,
    "tgm046_preop": 0.49558200367414107,
    "tgm047_preop": 0.6214052045984855,
    "tgm048_preop": 0.7741513742435527,
    "tgm049_preop": 0.3269321283991111,
    "tgm050_preop": 0.3119858001499515,
    "tgm051_preop": 0.455805577313826,
    "tgm052_preop": 0.015251194969974005,
    "tgm053_preop": 0.3498956283991111,
    "tgm054_preop": 0.3814699863153562,
    "tgm055_preop": 0.7652570612996733,
    "tgm056_preop": 0.5268249070126324,
    "tgm057_preop": 0.7728575720501388,
    "tgm058_preop": 0.25246144021055783,
    "tgm059_preop": 0.4913219201264845,
    "tgm060_preop": 0.6488691368263456,
    "tgm061_preop": 0.348881280084323,
    "tgm062_preop": 0.606537560168646,
    "tgm063_preop": 0.6199428651858329,
    "tgm064_preop": 0.4003381805453674,
    "tgm065_preop": 0.7967422219278555,
    "tgm066_preop": 0.44372819915985096,
    "tgm067_preop": 0.26179786901555824,
    "tgm068_preop": 0.3045902805185827,
    "tgm071_preop": 0.16284970246614355
}